,社名,タイトル,内容
0,東建コーポレーション株式会社 | エリア勤務でも高収入！地元で安心できる生活を手に入れよう！,仕事内容,【ノルマやテレアポなしの完全反響】クルマの販売や買取をお任せします。 ☆基礎から学べる教育体制 ☆お客様の3人に1人が契約に繋がっている仕組み♪
1,東建コーポレーション株式会社 | エリア勤務でも高収入！地元で安心できる生活を手に入れよう！,対象となる方,【未経験・第二新卒・既卒歓迎♪】人柄や意欲を重視した採用です！　☆未経験スタートが多数活躍中 ☆残業少なめ ☆充実の福利厚生
2,東建コーポレーション株式会社 | エリア勤務でも高収入！地元で安心できる生活を手に入れよう！,勤務地,【全国約300店舗！転勤なし！マイカー通勤OK！】 ★勤務地は希望を最大限考慮します！ ■北海道札…
3,東建コーポレーション株式会社 | エリア勤務でも高収入！地元で安心できる生活を手に入れよう！,給与,月給22万8600円〜70万円（一律手当含む）＋インセンティブ＋賞与年2回＋諸手当 ※年齢・能力を考慮のう…
4,東建コーポレーション株式会社 | エリア勤務でも高収入！地元で安心できる生活を手に入れよう！,初年度年収,330万円～1500万円
5,株式会社ビッグモーター | 平均年収861万円 ◆ 最高月収278万円 ◆ 年収2000万円以上の実績,仕事内容,【平均年収819万円！】使っていない土地の活用方法で悩んでいる地域のお客様を訪問して、アパートや賃貸マンションの経営などを提案します。
6,株式会社ビッグモーター | 平均年収861万円 ◆ 最高月収278万円 ◆ 年収2000万円以上の実績,対象となる方,【業界・営業未経験者歓迎】◆高卒以上　◆要普免（AT限定可）※接客・販売職出身の先輩多数！※多くの人と接することで得た会話力を活かせます
7,株式会社ビッグモーター | 平均年収861万円 ◆ 最高月収278万円 ◆ 年収2000万円以上の実績,勤務地,◆西日本エリアの各拠点で募集 ※Ｉ＆Ｕターン歓迎！ ※各事業所の詳しい住所は、下記「会社情報」欄に…
8,株式会社ビッグモーター | 平均年収861万円 ◆ 最高月収278万円 ◆ 年収2000万円以上の実績,給与,"月給26万3,000円以上＋諸手当＋業績連動成果給 ※月給は、固定残業代【47時間分（6万9,000円以上）】を含…"
9,株式会社ビッグモーター | 平均年収861万円 ◆ 最高月収278万円 ◆ 年収2000万円以上の実績,初年度年収,400万円～1000万円
10,"東建コーポレーション株式会社 | 10人に1人が年収1,000万円を実現しています。",仕事内容,【完全反響スタイル！ノルマなし！】ご来店・問い合わせのあったお客様へ中古車の販売・買取をお任せします。☆知名度や豊富な在庫が活躍を応援！
11,"東建コーポレーション株式会社 | 10人に1人が年収1,000万円を実現しています。",対象となる方,【第二新卒歓迎！異業界出身の先輩が多数活躍中！】応募条件：社会人経験（業界・職種・年数不問）　☆残業少なめ＆月8日以上休み ☆多彩な福利厚生
12,"東建コーポレーション株式会社 | 10人に1人が年収1,000万円を実現しています。",勤務地,【全国約300店舗！転勤なし！マイカー通勤OK！】 ★勤務地は希望を最大限考慮します！ ■北海道…
13,"東建コーポレーション株式会社 | 10人に1人が年収1,000万円を実現しています。",給与,月給22万8600円〜70万円（一律手当含む）＋インセンティブ＋賞与年2回＋諸手当 ※年齢・能力を考慮のう…
14,"東建コーポレーション株式会社 | 10人に1人が年収1,000万円を実現しています。",初年度年収,330万円～1500万円
15,"洛陽交運株式会社 | ヤサカグループ／月額17,000円～即入寮できる社宅あり！",仕事内容,【中途・年齢のハンデなし！】◆使っていない土地の活用方法で悩んでいる地域のお客様を訪問し、アパートや賃貸マンションの経営などを提案します。
16,"洛陽交運株式会社 | ヤサカグループ／月額17,000円～即入寮できる社宅あり！",対象となる方,【業界・期間不問！営業・販売など接客経験者限定の募集！】◆高卒以上／要普免(AT可)★40代女性、30代男性などの接客・販売職出身の先輩多数活躍中！
17,"洛陽交運株式会社 | ヤサカグループ／月額17,000円～即入寮できる社宅あり！",勤務地,◆全国の各拠点 自宅近くの拠点での勤務希望を考慮します。 ※Ｉ＆Ｕターン歓迎！ ※各事業所の詳しい…
18,"洛陽交運株式会社 | ヤサカグループ／月額17,000円～即入寮できる社宅あり！",給与,"月給26万3,000円以上＋諸手当＋業績連動成果給 ※月給は、固定残業代【47時間分（6万9,000円以上）】を含…"
19,"洛陽交運株式会社 | ヤサカグループ／月額17,000円～即入寮できる社宅あり！",初年度年収,400万円～800万円
20,UTエイム株式会社 | 大阪府緊急雇用対策に賛同【東証一部上場グループ】★WEB面接OK,仕事内容,【舞妓さんを乗せることも！京都らしさが味わえる】タクシードライバーをお任せ ◆敷地内に必要な設備を完備→効率的に働ける◆働く時間は自分で決定
21,UTエイム株式会社 | 大阪府緊急雇用対策に賛同【東証一部上場グループ】★WEB面接OK,対象となる方,【Web面接OK！未経験歓迎・第二新卒・ブランクのある方もOK】◆普免（AT限定可）取得後3年以上 ◎全車AT ◎二種免許の取得は全額会社負担（規定あり）
22,UTエイム株式会社 | 大阪府緊急雇用対策に賛同【東証一部上場グループ】★WEB面接OK,勤務地,UIターン歓迎！遠方からのご応募もOK！ ※転勤なし！ ※説明会実施中 本社／京都府京都市南区西九…
23,UTエイム株式会社 | 大阪府緊急雇用対策に賛同【東証一部上場グループ】★WEB面接OK,給与,月給20万円（当社規定による） （未経験者は入社後半年間、月給20万円を保証） ※一定額を上回る運送収入…
24,株式会社ビッグモーター | 全国募集／転勤なし／面接1回／基本土日休み／業界No.1企業,仕事内容,【地道な作業が好きな方は打ってつけのお仕事！】ものづくり工場にて、製品の箱づめ・在庫確認・納品チェック等の業務を担当★3月入社歓迎
25,株式会社ビッグモーター | 全国募集／転勤なし／面接1回／基本土日休み／業界No.1企業,対象となる方,【男性多数活躍中】「地道な作業が好き」「作業をすると自分の世界に入って時間を忘れてしまう」そんな方はぜひご応募を！★学歴・経験不問
26,株式会社ビッグモーター | 全国募集／転勤なし／面接1回／基本土日休み／業界No.1企業,勤務地,【転勤なし】全国40都道府県に配属！全国各地に勤務地あり！ <勤務地一覧> ■北海道 ■東北・北陸…
27,株式会社ビッグモーター | 全国募集／転勤なし／面接1回／基本土日休み／業界No.1企業,給与,月給20万〜30万円 （月収例：42万円／月給30万円＋手当） ※勤務地により異なります ※経験・能力などを…
28,株式会社ビッグモーター | 全国募集／転勤なし／面接1回／基本土日休み／業界No.1企業,初年度年収,300万円～500万円
29,UTエイム株式会社 | 大阪府緊急雇用対策に賛同【東証一部上場グループ】,仕事内容,《1～2時間の短距離中心！夜勤なし♪》ビッグモーターで修理・整備するクルマの引取り／納車などをお任せします。
30,UTエイム株式会社 | 大阪府緊急雇用対策に賛同【東証一部上場グループ】,対象となる方,《必要なのは免許だけ！！》＼車を仕事にしたい方はぜひ♪未経験・第二新卒歓迎！ブランク・転職回数・学歴などは不問♪／ ★月8～10日休み
31,UTエイム株式会社 | 大阪府緊急雇用対策に賛同【東証一部上場グループ】,勤務地,★転勤なし ★全国の各拠点で大募集（鈑金工場併設店舗） ★マイカー通勤OK！ ★U・Iターン歓迎♪…
32,UTエイム株式会社 | 大阪府緊急雇用対策に賛同【東証一部上場グループ】,給与,月給27万8600円〜40万円 ＋ 賞与年2回 ＋ 諸手当 ※スキル・経験等を考慮し、決定いたします。 ※配送手…
33,UTエイム株式会社 | 大阪府緊急雇用対策に賛同【東証一部上場グループ】,初年度年収,300万円～700万円
34,株式会社ビッグモーター | 業界No.1の実績＆安定性/面接1回/月8～10日休み/転勤なし,仕事内容,収入が大切！という方に見てほしい案件・社宅完備の案件多数！製造工場で部品の組立/検品/梱包/在庫管理等を担当！
35,株式会社ビッグモーター | 業界No.1の実績＆安定性/面接1回/月8～10日休み/転勤なし,対象となる方,《履歴書・職務経歴書不要です！》未経験や社会人デビュー、ブランクのある方も大歓迎！未経験から「がっつり稼ぎたい」を応援します★
36,株式会社ビッグモーター | 業界No.1の実績＆安定性/面接1回/月8～10日休み/転勤なし,勤務地,【転勤なし】全国40都道府県に配属！全国各地に勤務地あり！ ☆U・Iターン歓迎！勤務地により、車・…
37,株式会社ビッグモーター | 業界No.1の実績＆安定性/面接1回/月8～10日休み/転勤なし,給与,月給20万〜30万円 （月収例：42万円／月給30万円＋手当） ※勤務地により異なります ※経験・能力などを…
38,株式会社ビッグモーター | 業界No.1の実績＆安定性/面接1回/月8～10日休み/転勤なし,初年度年収,300万円～500万円
39,三井住友トラスト不動産株式会社 | 三井住友信託銀行グループ｜＼[COVID-19]の影響なく採用実施！／,仕事内容,【100％内勤です♪】クルマのキズや凹みの修理に関する受付やデータ入力、電話対応などをお任せ！※クルマの知識は働きながら得られるので安心♪
40,三井住友トラスト不動産株式会社 | 三井住友信託銀行グループ｜＼[COVID-19]の影響なく採用実施！／,対象となる方,【未経験／第二新卒歓迎♪】「事務デビューしたい！」「大手企業で働きたい」方の挑戦も歓迎♪☆20～30代の女性活躍中！☆産・育休取得実績も多数！
41,三井住友トラスト不動産株式会社 | 三井住友信託銀行グループ｜＼[COVID-19]の影響なく採用実施！／,勤務地,★転勤なし ★全国の各拠点で大募集（鈑金工場併設店舗） ★マイカー通勤OK！ ★U・Iターン歓迎♪…
42,三井住友トラスト不動産株式会社 | 三井住友信託銀行グループ｜＼[COVID-19]の影響なく採用実施！／,給与,【東京・千葉・埼玉エリア】 ■月給25万3600円〜38万5200円 ＋ 業績給 ＋ 賞与年2回 【上記以外のエリア…
43,三井住友トラスト不動産株式会社 | 三井住友信託銀行グループ｜＼[COVID-19]の影響なく採用実施！／,初年度年収,300万円～550万円
44,東建コーポレーション株式会社 | エリア勤務でも高収入、地元で安心できる生活を手に入れよう！,仕事内容,《経験やスキルに合わせて業務をお任せしていきます！》個人または法人のお客様に対し、土地・ビル・住宅など、あらゆる不動産の売買仲介を行います。
45,東建コーポレーション株式会社 | エリア勤務でも高収入、地元で安心できる生活を手に入れよう！,対象となる方,《人柄・意欲重視の採用です！／学歴不問》◇不動産・住宅業界での営業経験がある方歓、宅建資格をお持ちの方は歓迎！
46,東建コーポレーション株式会社 | エリア勤務でも高収入、地元で安心できる生活を手に入れよう！,勤務地,★U・Iターン歓迎！ ★転居を伴う異動なし！ 《首都圏の各営業所》 ※居住地・希望を考慮の上決定し…
47,東建コーポレーション株式会社 | エリア勤務でも高収入、地元で安心できる生活を手に入れよう！,給与,月給24万5000円以上 ※経験・年齢を考慮の上、当社規定により優遇します。 ※給与は年2回の見直しがあり…
48,東建コーポレーション株式会社 | エリア勤務でも高収入、地元で安心できる生活を手に入れよう！,初年度年収,350万円～750万円
49,株式会社アイダ設計 | テレビCMでお馴染みの企業！成長が止まらないハウスメーカー！,仕事内容,【平均年収819万円！】使っていない土地の活用方法で悩んでいる地域のお客様を訪問して、アパートや賃貸マンションの経営などを提案します。
50,株式会社アイダ設計 | テレビCMでお馴染みの企業！成長が止まらないハウスメーカー！,対象となる方,【業界・営業未経験者歓迎】◆高卒以上　◆要普免（AT限定可）※接客・販売職出身の先輩多数！※多くの人と接することで得た会話力を活かせます
51,株式会社アイダ設計 | テレビCMでお馴染みの企業！成長が止まらないハウスメーカー！,勤務地,◆関西エリアの各拠点 自宅近くの拠点での勤務希望を考慮します。 ※Ｉ＆Ｕターン歓迎！ ※各事業所の…
52,株式会社アイダ設計 | テレビCMでお馴染みの企業！成長が止まらないハウスメーカー！,給与,"月給26万3,000円以上＋諸手当＋業績連動成果給 ※月給は、固定残業代【47時間分（6万9,000円以上）】を含…"
53,株式会社アイダ設計 | テレビCMでお馴染みの企業！成長が止まらないハウスメーカー！,初年度年収,400万円～800万円
54,株式会社ビッグモーター | 業界No.1企業の安定性／面接1回／転勤なし／連休OK！,仕事内容,【テレアポ・飛び込みナシ】お問い合わせに対応する完全反響型の戸建住宅営業。希望や適性に応じて、分譲住宅／注文住宅のいずれかをお任せします。
55,株式会社ビッグモーター | 業界No.1企業の安定性／面接1回／転勤なし／連休OK！,対象となる方,【未経験大歓迎】★前職・経験一切不問 ●要普免 ☆何らかの営業経験、接客・販売の経験がある方は大歓迎 ☆住宅や不動産業界の経験があれば尚可
56,株式会社ビッグモーター | 業界No.1企業の安定性／面接1回／転勤なし／連休OK！,勤務地,"【全国募集】 ★千葉、茨城、東京、愛知、九州で積極採用を実施中★ [宮城県]仙台 [福島県]郡山,…"
57,株式会社ビッグモーター | 業界No.1企業の安定性／面接1回／転勤なし／連休OK！,給与,【月給】20万円〜30万円 ※当初6ヵ月間は契約社員(給与は同額)その後、正社員として雇用 【入社時月収例…
58,株式会社ビッグモーター | 業界No.1企業★月8日休み★転勤なし★産休育休の取得実績多数,仕事内容,【入社後はイチから丁寧にレクチャー！】クルマの名義変更手続き・届け出などの事務作業をお任せします。★マニュアル完備！難しい作業はありません♪
59,株式会社ビッグモーター | 業界No.1企業★月8日休み★転勤なし★産休育休の取得実績多数,対象となる方,【未経験・第二新卒歓迎！】＼学歴・性別・年齢不問／ オフィスワークに興味がある方歓迎！★90％以上が未経験スタート ★既卒・社会人デビューもOK
60,株式会社ビッグモーター | 業界No.1企業★月8日休み★転勤なし★産休育休の取得実績多数,勤務地,転勤なし/全国に勤務地あり/勤務地は希望考慮/マイカー通勤OK 東北（宮城県） 関東（東京都・神奈…
61,株式会社ビッグモーター | 業界No.1企業★月8日休み★転勤なし★産休育休の取得実績多数,給与,"【東京・埼玉・千葉】 月給233,600円以上 ＋ 賞与年2回 ※経験・能力等を考慮し決定いたします。 ※固定…"
62,株式会社ビッグモーター | 業界No.1企業★月8日休み★転勤なし★産休育休の取得実績多数,初年度年収,300万円～550万円
63,コスモエコロジー株式会社 | #完全週休2日制 #残業ほぼナシ #平均年齢28歳 #女性社員が40％,仕事内容,【100%反響スタイル＆ノルマなし】ご来店されたお客さまに「欲しいクルマ」を伺い、約5万台の在庫からピッタリなクルマをご提案する仕事です。
64,コスモエコロジー株式会社 | #完全週休2日制 #残業ほぼナシ #平均年齢28歳 #女性社員が40％,対象となる方,★第二新卒特別特集参画中★【未経験歓迎／男女ともに活躍中！】◆40歳以下★収入UPしたい方★プライベートも大切にしたい方★好きな街で働きたい方
65,コスモエコロジー株式会社 | #完全週休2日制 #残業ほぼナシ #平均年齢28歳 #女性社員が40％,勤務地,全国約300店舗/転勤なし/マイカー通勤OK 勤務地は希望を最大限考慮 ■北海道 ■岩手県/宮城県…
66,コスモエコロジー株式会社 | #完全週休2日制 #残業ほぼナシ #平均年齢28歳 #女性社員が40％,給与,月給22万8600円〜70万円(一律手当含む)＋インセンティブ＋賞与年2回+諸手当 ※年齢・能力を考慮のうえ、…
67,コスモエコロジー株式会社 | #完全週休2日制 #残業ほぼナシ #平均年齢28歳 #女性社員が40％,初年度年収,330万円～1500万円
68,UTエイム株式会社 | 【東証一部上場グループ】★WEB面接OK／年内入社も可能,仕事内容,【充実の研修で安心♪】★「売る」のではなく「興味を持っていただく」仕事 ★大手メーカーのエコ製品のPRをお任せ【ノルマも残業もありません！】
69,UTエイム株式会社 | 【東証一部上場グループ】★WEB面接OK／年内入社も可能,対象となる方,【面接保証・何よりも人柄を重視♪】◆45歳以下の方 ◆学歴・経験不問 ◆人と話すのが好きな方 ★先輩のほぼ全員が未経験スタート！
70,UTエイム株式会社 | 【東証一部上場グループ】★WEB面接OK／年内入社も可能,勤務地,★大久保駅より徒歩3分／新宿駅より徒歩9分 ★転勤なし ★直行直帰OK ★UIターン歓迎 ■勤務エ…
71,UTエイム株式会社 | 【東証一部上場グループ】★WEB面接OK／年内入社も可能,給与,◆月給25万円以上 ＋ インセンティブ ＋ 諸手当 ※経験やスキルを考慮のうえ、決定いたします 〈モデル…
72,UTエイム株式会社 | 【東証一部上場グループ】★WEB面接OK／年内入社も可能,初年度年収,350万円～900万円
73,エーアイアールグループ合同募集 | ★中途採用者活躍中★平均年齢29歳★残業少なめ★週休2日制,仕事内容,＜『役職へのキャリアUP』『本社勤務を実現』している社員が多数＞化粧品・医薬品/半導体/自動車分野における各種ものづくり業務★2・3月入社歓迎
74,エーアイアールグループ合同募集 | ★中途採用者活躍中★平均年齢29歳★残業少なめ★週休2日制,対象となる方,【学歴・経験不問】「キャリアアップしたい」「夢がある」そんな方はぜひご応募を！もちろん「安定した環境で働きたいから…」なんて志望理由もOK！
75,エーアイアールグループ合同募集 | ★中途採用者活躍中★平均年齢29歳★残業少なめ★週休2日制,勤務地,【転勤なし】全国40都道府県に配属！全国各地に勤務地あり！ ☆U・Iターン歓迎！勤務地により、車・…
76,エーアイアールグループ合同募集 | ★中途採用者活躍中★平均年齢29歳★残業少なめ★週休2日制,給与,月給20万〜30万円 （月収例：42万円／月給30万円＋手当） ※勤務地により異なります ※経験・能力などを…
77,エーアイアールグループ合同募集 | ★中途採用者活躍中★平均年齢29歳★残業少なめ★週休2日制,初年度年収,300万円～500万円
78,株式会社タウンハウジング | CM放映中！1都3県に101店舗を展開！今期過去最高益見込みの企業,仕事内容,【100％反響営業★営業デビュー歓迎】お客様のご希望のお部屋探しをお手伝い♪ ★安心のチーム制 ★研修制度も充実 ★クリアな評価制度 ★ノルマなし
79,株式会社タウンハウジング | CM放映中！1都3県に101店舗を展開！今期過去最高益見込みの企業,対象となる方,【応募条件を満たす方は全員面接確約！】◆未経験歓迎 ◆40歳までの方 ◎学歴不問 ◎先輩の95%は未経験入社 ※複数名採用！同期と一緒に働けます！
80,株式会社タウンハウジング | CM放映中！1都3県に101店舗を展開！今期過去最高益見込みの企業,勤務地,【★積極採用中⇒池袋店/五反田店/横浜店/新宿店/川崎店】 ☆転居を伴う転勤なし ☆全店舗最寄駅よ…
81,株式会社タウンハウジング | CM放映中！1都3県に101店舗を展開！今期過去最高益見込みの企業,給与,"【各社共通】 月給24万5,000円~月給40万円 ＋ インセンティブ ＋ 賞与 ＋ 諸手当 ※経験やスキルに応じ…"
82,株式会社タウンハウジング | CM放映中！1都3県に101店舗を展開！今期過去最高益見込みの企業,初年度年収,450万円～1000万円
83,株式会社ビッグモーター | ◆最高年収2282万円◆平均月収67万円◆業界No.1企業の安定性◆,仕事内容,【個人ノルマなし】集客に追われる事なく、店舗での反響対応によるルームアドバイザー業務。高収入＆早期昇格に向け、チームで協力し頑張れる環境！
84,株式会社ビッグモーター | ◆最高年収2282万円◆平均月収67万円◆業界No.1企業の安定性◆,対象となる方,【未経験・第二新卒歓迎！】☆正社員・社会人デビューを目指す方も応援！★3ヶ月の研修をご用意 ★会社本位でなく、お客様本位の仕事ができます。
85,株式会社ビッグモーター | ◆最高年収2282万円◆平均月収67万円◆業界No.1企業の安定性◆,勤務地,【原則転居を伴う転勤なし】 首都圏101店舗の直営店（東京／神奈川／埼玉／千葉） ★お住まいから無…
86,株式会社ビッグモーター | ◆最高年収2282万円◆平均月収67万円◆業界No.1企業の安定性◆,給与,"◆月給24万5,000円以上 ＋ 充実の手当 ＋ 歩合給 ※経験・年齢を考慮のうえ、当社規定により優遇いたし…"
87,株式会社ビッグモーター | ◆最高年収2282万円◆平均月収67万円◆業界No.1企業の安定性◆,初年度年収,350万円～600万円
88,UTエイム株式会社 | 大阪府緊急雇用対策に賛同【東証一部上場グループ】★WEB面接OK,仕事内容,《完全反響スタイル！》お客様の来店や問合せに対してクルマの販売や買取を行います。☆お客様の3人に1人が契約につながっています。
89,UTエイム株式会社 | 大阪府緊急雇用対策に賛同【東証一部上場グループ】★WEB面接OK,対象となる方,《意欲重視／未経験・第二新卒歓迎》「高収入を実現したい！」そんな方は大歓迎です！ ◆高卒以上　☆残業少なめ＆月8日以上休み
90,UTエイム株式会社 | 大阪府緊急雇用対策に賛同【東証一部上場グループ】★WEB面接OK,勤務地,《全国約300店舗！転勤なし！マイカー通勤OK！》 ★勤務地は希望を最大限考慮します！ ■北海道…
91,UTエイム株式会社 | 大阪府緊急雇用対策に賛同【東証一部上場グループ】★WEB面接OK,給与,月給22万8600円〜70万円（一律手当含む）＋インセンティブ＋賞与年2回＋諸手当 ※年齢・能力を考慮のう…
92,UTエイム株式会社 | 大阪府緊急雇用対策に賛同【東証一部上場グループ】★WEB面接OK,初年度年収,330万円～1500万円
93,株式会社アイエスエフネット | 【大阪府緊急雇用対策に賛同】★残業平均月7.8h★年間休日126日,仕事内容,【年間休日127～190日・無理なく働ける！】 医薬品や半導体分野における生産ラインでの組み立て、加工、箱詰、在庫確認業務などを担当。
94,株式会社アイエスエフネット | 【大阪府緊急雇用対策に賛同】★残業平均月7.8h★年間休日126日,対象となる方,【未経験歓迎！】「自分のペースで仕事したい」方へオススメ＜スピード選考！今月中の内定獲得を！※面接1回・私服でOK(履歴書不要)＞
95,株式会社アイエスエフネット | 【大阪府緊急雇用対策に賛同】★残業平均月7.8h★年間休日126日,勤務地,【転勤なし】全国40都道府県に配属！全国各地に勤務地あり！ ☆U・Iターン歓迎！勤務地により、車・…
96,株式会社アイエスエフネット | 【大阪府緊急雇用対策に賛同】★残業平均月7.8h★年間休日126日,給与,月給20万〜30万円 （月収例：42万円／月給30万円＋手当） ※勤務地により異なります ※経験・能力などを…
97,株式会社アイエスエフネット | 【大阪府緊急雇用対策に賛同】★残業平均月7.8h★年間休日126日,初年度年収,300万円～500万円
98,株式会社アイエスエフネット | 【大阪府緊急雇用対策に賛同】★インセンMAX60％/69％が毎年昇給,仕事内容,【ITインフラ・クラウド】インフラのシステム企画～要件定義、PLとしてのマネジメントなど希望・スキルに合ったお仕事★マルチクラウドのスキルを手に
99,株式会社アイエスエフネット | 【大阪府緊急雇用対策に賛同】★インセンMAX60％/69％が毎年昇給,対象となる方,【学歴不問】ネットワーク・サーバ構築の経験者はぜひ(年数不問)　★今より良い環境を目指したい方◎★第6回<ワーク・ライフ・バランス大賞>大賞受賞
100,株式会社アイエスエフネット | 【大阪府緊急雇用対策に賛同】★インセンMAX60％/69％が毎年昇給,勤務地,【全国転勤なし/あり選択OK】 ★69％が毎年昇給 ★リモート案件多数 ★MAX60％のインセンテ…
101,株式会社アイエスエフネット | 【大阪府緊急雇用対策に賛同】★インセンMAX60％/69％が毎年昇給,給与,【月給40万円~】＋インセンティブ賞与(月~20万/年~240万)・諸手当を別途支給 ★経験・スキルを考慮して…
102,株式会社アイエスエフネット | 【大阪府緊急雇用対策に賛同】★インセンMAX60％/69％が毎年昇給,初年度年収,480万円～1000万円
103,株式会社ブッシュクロフィード | 経験を存分に活かして”自由”な働き方を実現★30代活躍／残業0,仕事内容,【ITインフラ・クラウド】ネットワーク設計・運用など希望・スキルに合ったお仕事　★タイプに合ったキャリアを選べる★マルチクラウドのスキルを手に
104,株式会社ブッシュクロフィード | 経験を存分に活かして”自由”な働き方を実現★30代活躍／残業0,対象となる方,【高卒以上】IT業界経験半年以上・エンジニアとして活躍したい方 ★家族を安心させたい方◎★案件豊富★第6回<ワーク・ライフ・バランス大賞>大賞受賞
105,株式会社ブッシュクロフィード | 経験を存分に活かして”自由”な働き方を実現★30代活躍／残業0,勤務地,【全国転勤なし/あり選択OK】 ★在宅勤務のリモート案件も多数 ★月~20万/年~240万のインセ…
106,株式会社ブッシュクロフィード | 経験を存分に活かして”自由”な働き方を実現★30代活躍／残業0,給与,<東京/埼玉/神奈川/千葉> (1)月給27万円~＋インセンティブ賞与・諸手当 <静岡/愛知/大阪> (2)月給26.5万…
107,株式会社ブッシュクロフィード | 経験を存分に活かして”自由”な働き方を実現★30代活躍／残業0,初年度年収,306万円～1000万円
108,株式会社エネクスコンサルティング | 【 ENEX Holding Co. 】土日祝休みの完全週休2日制 ※若手活躍中,仕事内容,＜”自由”に”効率的”に＞お客様の物件の価値を高めるために売買のご提案、サポートなどを行います。
109,株式会社エネクスコンサルティング | 【 ENEX Holding Co. 】土日祝休みの完全週休2日制 ※若手活躍中,対象となる方,◆不動産売買営業の経験（年数は問いません）◆年数不問／宅建をお持ちの方は優遇 ）要普免／第二新卒も歓迎 ※業界異例の働き方をお約束します！
110,株式会社エネクスコンサルティング | 【 ENEX Holding Co. 】土日祝休みの完全週休2日制 ※若手活躍中,勤務地,【本社】 〒150-0013 東京都渋谷区恵比寿1-20-4　Sreed　EBISU3階 ＼オフィ…
111,株式会社エネクスコンサルティング | 【 ENEX Holding Co. 】土日祝休みの完全週休2日制 ※若手活躍中,給与,月給35万円以上〜 ※経験・スキルを考慮の上、決定します。 ※給与は面接時にお気軽にご相談ください。
112,株式会社エネクスコンサルティング | 【 ENEX Holding Co. 】土日祝休みの完全週休2日制 ※若手活躍中,初年度年収,500万円～1200万円
113,株式会社カーチスホールディングス | 東証二部上場｜完全週休二日制・リフレッシュ休暇あり,仕事内容,＼ コロナ禍でも業績好調！成約率は70％以上です ／ ◎法人のお客様に対して、電気代の基本料金を削減できるサービスをご提案していただきます。
114,株式会社カーチスホールディングス | 東証二部上場｜完全週休二日制・リフレッシュ休暇あり,対象となる方,★未経験者も大歓迎★ 元ピザの配達員や旅行会社などの異業種からの転職者も多数活躍中です！ ※学歴不問 ※人と話すことが好きな方は歓迎します
115,株式会社カーチスホールディングス | 東証二部上場｜完全週休二日制・リフレッシュ休暇あり,勤務地,福岡県福岡市中央区長浜1-3-4-2F ※U・Iターン歓迎 ※『 天神駅 』より徒歩10分 〜 〜…
116,株式会社カーチスホールディングス | 東証二部上場｜完全週休二日制・リフレッシュ休暇あり,給与,"月給280,000円以上 ＋ 諸手当 ＋ インセンティブ ※経験や年齢を考慮し、決定します。 ※上記には、みな…"
117,株式会社カーチスホールディングス | 東証二部上場｜完全週休二日制・リフレッシュ休暇あり,初年度年収,300万円～600万円
118,株式会社日明舎 | ゆっくり家族の時間を楽しめる！休みたっぷり「完全週休2日制」,仕事内容,【反響対応型／飛び込みなし】配属された『カーチス』各店舗で自動車の買取・販売をおこないます。★月30～40万円以上のインセンティブも可能です！
119,株式会社日明舎 | ゆっくり家族の時間を楽しめる！休みたっぷり「完全週休2日制」,対象となる方,【未経験の方も大歓迎！】◆高卒以上◆要普免（AT可）※たとえ異業種でも、営業や接客販売の経験が活かせます！★完全週休２日・リフレッシュ休暇も！
120,株式会社日明舎 | ゆっくり家族の時間を楽しめる！休みたっぷり「完全週休2日制」,勤務地,■全国のカーチス店舗・U・Iターン歓迎！ ★希望を考慮して決定致します。 └「転勤の範囲を限定した…
121,株式会社日明舎 | ゆっくり家族の時間を楽しめる！休みたっぷり「完全週休2日制」,給与,■月給22万9000円〜＋インセンティブ ※上記には42時間分の固定残業代5万3400円〜を含みます。超過分は別…
122,日本レーヴ株式会社 | 完全週休2日/残業ほぼなし/30代が中心に活躍中,仕事内容,【 現場のリーダー役を担う！ 】電気設備の点検・メンテナンス工事などにおける設計、施工、現場管理業務　★ENEOSなど大手企業の工場メイン
123,日本レーヴ株式会社 | 完全週休2日/残業ほぼなし/30代が中心に活躍中,対象となる方,【 経験者の方に絶好のチャンス！】「電気工事に関する資格」や「電気工事の施工管理経験」がある方優遇　◇要普免（AT限定可）◇高卒以上 ◇未経験可
124,日本レーヴ株式会社 | 完全週休2日/残業ほぼなし/30代が中心に活躍中,勤務地,【 転勤なし／UIターンも歓迎 】 岡山県倉敷市中畝8-1-17 ※マイカー通勤可（駐車場有）
125,日本レーヴ株式会社 | 完全週休2日/残業ほぼなし/30代が中心に活躍中,給与,"【経験者】 月給20万円〜38万円＋諸手当 【未経験者】 月給18万3,000円〜36万5,000円＋諸手当 ※年齢、…"
126,日本レーヴ株式会社 | 完全週休2日/残業ほぼなし/30代が中心に活躍中,初年度年収,350万円～500万円
127,インターギアソリューション株式会社 | ★契約祝金50万円支給！★固定報酬×制作本数で月収例35～90万円,仕事内容,《業界経験豊富な先輩たちが丁寧にイチから教えます！》あなたの希望や適性に応じて【営業アシスタント】もしくは【営業】をお任せします。
128,インターギアソリューション株式会社 | ★契約祝金50万円支給！★固定報酬×制作本数で月収例35～90万円,対象となる方,【未経験～業界経験者まで幅広く歓迎します！】未経験の方はじっくりイチから育成◎営業アシスタント・営業経験をお持ちの方は優遇します！
129,インターギアソリューション株式会社 | ★契約祝金50万円支給！★固定報酬×制作本数で月収例35～90万円,勤務地,◆本社／大阪府大阪市淀川区宮原1-19-23 ※転勤なし ※リモートワークの場合もあります（業務の…
130,インターギアソリューション株式会社 | ★契約祝金50万円支給！★固定報酬×制作本数で月収例35～90万円,給与,◆月給25万円以上 ※経験スキルに応じて優遇します ※試用期間6ヶ月あり（期間中は月給23万円／5％以上昇…
131,インターギアソリューション株式会社 | ★契約祝金50万円支給！★固定報酬×制作本数で月収例35～90万円,初年度年収,300万円～1000万円
132,株式会社FIVE FELLOWS | (ファイブフェローズ)「完全週休2日制」「充実の手当/福利厚生」,仕事内容,マイナビ・doda・リクナビ・type・イーキャリアなどの求人媒体の制作担当として、“採用”という効果を実現する制作ディレクションをお任せします。
133,株式会社FIVE FELLOWS | (ファイブフェローズ)「完全週休2日制」「充実の手当/福利厚生」,対象となる方,《学歴・性別不問》◆「マイナビ」「doda」「リクナビNEXT」「type」いずれかの求人媒体の制作経験が3年以上ある方
134,株式会社FIVE FELLOWS | (ファイブフェローズ)「完全週休2日制」「充実の手当/福利厚生」,勤務地,【原則自由】 【東京本社】 東京都港区赤坂3-2-6 赤坂光映ビル4F
135,株式会社FIVE FELLOWS | (ファイブフェローズ)「完全週休2日制」「充実の手当/福利厚生」,給与,◆報酬／完全歩合制 ★契約祝金50万円支給（契約3ヶ月後) ★前職の年収から「＋50〜100万円アップ」の実…
136,株式会社FIVE FELLOWS | (ファイブフェローズ)「完全週休2日制」「充実の手当/福利厚生」,初年度年収,450万円～1100万円
137,有限会社エフォール | ≪2年で200台まで増車予定！需要拡大中≫ 初期費用0円★年齢不問,仕事内容,★『100％反響営業』でアプローチいただいたお客様を「完全予約制」でご案内するので、高い成約率を得られます！
138,有限会社エフォール | ≪2年で200台まで増車予定！需要拡大中≫ 初期費用0円★年齢不問,対象となる方,《要普免》◆未経験者：意欲と向上心があればOK ◆経験者：何らかの営業経験または接客販売経験をお持ちの方(3年以上)、マネジメントに興味のある方
139,有限会社エフォール | ≪2年で200台まで増車予定！需要拡大中≫ 初期費用0円★年齢不問,勤務地,☆★JR「神田駅」北口から徒歩3分以内！アクセスも抜群です★☆ 東京都千代田区神田鍛冶町3-3　カ…
140,有限会社エフォール | ≪2年で200台まで増車予定！需要拡大中≫ 初期費用0円★年齢不問,給与,◆未経験者：月給25万円〜40万円 ◆経験者：月給30万円〜45万円 ※試用期間3カ月あり、期間中給与の変動…
141,有限会社エフォール | ≪2年で200台まで増車予定！需要拡大中≫ 初期費用0円★年齢不問,初年度年収,350万円～750万円
142,株式会社PCM | 大阪はスターティングメンバ―募集★TEL問合せOK(086-527-5345),仕事内容,◆大手通販サイトなどの荷物を軽自動車（AT限定可）で配送します。◆車両リース・メンテナンスがあるため、車を持っていなくてもOK！
143,株式会社PCM | 大阪はスターティングメンバ―募集★TEL問合せOK(086-527-5345),対象となる方,◆未経験歓迎！年齢不問！AT免許だけで、仕事が始められる！◆稼ぎたい？休みたい？自分のスタイルで働けます。◆要普免（AT限定可）
144,株式会社PCM | 大阪はスターティングメンバ―募集★TEL問合せOK(086-527-5345),勤務地,★直行直帰OK ※各エリアごとの配送です。 ▼愛知県 名古屋市／豊橋市／岡崎市／一宮市／瀬戸市／半…
145,株式会社PCM | 大阪はスターティングメンバ―募集★TEL問合せOK(086-527-5345),給与,完全出来高制 ※1件あたり150円〜180円 〓〓＜月収70万円近くも可能！＞〓〓 ※荷物単価180円の場合（…
146,株式会社PCM | 大阪はスターティングメンバ―募集★TEL問合せOK(086-527-5345),初年度年収,100万円～1000万円
147,ソフトバンク営業職合同募集 | 【条件満たす方全員、電話面談確約】★大阪府緊急雇用対策に賛同,仕事内容,【 手厚いサポート＆教育体制あり 】キャリアアップがスピーディー！役職につけば『月収100万円』も夢じゃない　※将来的にはジョブチェンジもOK
148,ソフトバンク営業職合同募集 | 【条件満たす方全員、電話面談確約】★大阪府緊急雇用対策に賛同,対象となる方,【 未経験歓迎！学歴不問 】★条件に合う方「全員と」面接実施 ★必須は普通免許だけ！（AT限定可）意欲があればOK ★電気工事士の資格がある方優遇
149,ソフトバンク営業職合同募集 | 【条件満たす方全員、電話面談確約】★大阪府緊急雇用対策に賛同,勤務地,＼2021年3月 大阪支店いよいよ始動／ 全国各地の現場へ直行直帰のスタイルです！ ※転勤なし／マ…
150,ソフトバンク営業職合同募集 | 【条件満たす方全員、電話面談確約】★大阪府緊急雇用対策に賛同,給与,"月給 300,000円 〜 600,000円 ＋ 諸手当 ※上記は最低保証額です。 ※経験者の場合はスキルに応じて優遇…"
151,ソフトバンク営業職合同募集 | 【条件満たす方全員、電話面談確約】★大阪府緊急雇用対策に賛同,初年度年収,350万円～600万円
152,朝日ソーラー株式会社 | 【大阪府緊急雇用対策に賛同】試用期間中は月給32万円以上,仕事内容,【“営業＆業界デビュー”を応援】法人顧客に、スマートフォンをはじめとした『ソフトバンク商材』をご提案★研修が充実！知識ゼロでも安心スタート♪
153,朝日ソーラー株式会社 | 【大阪府緊急雇用対策に賛同】試用期間中は月給32万円以上,対象となる方,【未経験歓迎！第二新卒歓迎】◆高卒以上◆35歳以下の方（※）★20~30代が中心に活躍中！明るく元気な笑顔で対応できる方を歓迎♪
154,朝日ソーラー株式会社 | 【大阪府緊急雇用対策に賛同】試用期間中は月給32万円以上,勤務地,東京都、埼玉県、神奈川県、愛知県、大阪府、北海道、鹿児島県、福岡県、熊本県、京都府、高知県　で積極…
155,朝日ソーラー株式会社 | 【大阪府緊急雇用対策に賛同】試用期間中は月給32万円以上,給与,"【北海道】 月給210,000円~250,000円＋インセンティブ 【東北】 月給200,000円~300,000円＋インセンティ…"
156,株式会社アイダ設計 | テレビCMでお馴染みの企業！成長が止まらないハウスメーカー★,仕事内容,"【 昨年10月から完全週休2日制を導入 】自社商品の提案業務をお任せします ※丁寧な研修で2,3ヶ月後にはほぼ全員が月10台前後売れるまでに成長！"
157,株式会社アイダ設計 | テレビCMでお馴染みの企業！成長が止まらないハウスメーカー★,対象となる方,【未経験者／異業種からの中途社員も活躍中！】◎学歴・年齢不問！ ★高収入を目指したい方や営業の仕事にチャレンジしたい方も歓迎します！
158,株式会社アイダ設計 | テレビCMでお馴染みの企業！成長が止まらないハウスメーカー★,勤務地,東京、大阪、愛知、福岡、広島、宮城、群馬、長野、愛媛、熊本、大分、長崎、鹿児島、宮崎の各拠点へ配属…
159,株式会社アイダ設計 | テレビCMでお馴染みの企業！成長が止まらないハウスメーカー★,給与,■月給29万円以上+歩合給(販売台数・商品による)＋報奨金＋諸手当 ※3ヶ月間の試用期間あり【月給34万円…
160,株式会社アイダ設計 | テレビCMでお馴染みの企業！成長が止まらないハウスメーカー★,初年度年収,450万円～700万円
161,株式会社ライジングサンセキュリティーサービス | 【★面接保証！20～60代活躍中】★月給最大40万円も可能！,仕事内容,《完全週休2日制＆残業少なめ》お客様との打ち合わせ～図面作成、引き渡しまで、注文住宅の設計をお任せします。★案件はフルオーダーメイド！
162,株式会社ライジングサンセキュリティーサービス | 【★面接保証！20～60代活躍中】★月給最大40万円も可能！,対象となる方,【経験者必見！】◎高卒以上 ◎要普免(AT限定可) ◎2級建築士以上の資格または実務経験をお持ちの方 ★地域密着で活躍できるから働きやすい！
163,株式会社ライジングサンセキュリティーサービス | 【★面接保証！20～60代活躍中】★月給最大40万円も可能！,勤務地,★埼玉をはじめとした関東エリアで積極採用を実施中★ 全国(宮城、福島、茨城、栃木、群馬、埼玉、千葉…
164,株式会社ライジングサンセキュリティーサービス | 【★面接保証！20～60代活躍中】★月給最大40万円も可能！,給与,[経験者(管理職候補)] 月給45〜60万円＋手当 例)基本給60万＋資格手当2万＝月収62万円 年収744万円＋賞与…
165,株式会社ライジングサンセキュリティーサービス | 【★面接保証！20～60代活躍中】★月給最大40万円も可能！,初年度年収,350万円～750万円
166,株式会社comam | 今年4月に東京に拠点OPEN ／ 採用プロセスは原則WEB面接1回のみ,仕事内容,【施設での出入管理などの警備・受付業務等をお任せします！】★資格取得を全面サポート！★社宅や寮を完備なので、通勤も楽々です♪
167,株式会社comam | 今年4月に東京に拠点OPEN ／ 採用プロセスは原則WEB面接1回のみ,対象となる方,【シニアや育児中のスタッフも活躍中！】学歴・経験・性別・年齢も一切不問。ご応募いただいた方とは全員との面接をお約束します！
168,株式会社comam | 今年4月に東京に拠点OPEN ／ 採用プロセスは原則WEB面接1回のみ,勤務地,＜茨城県ひたちなか市・水戸市・つくば市・土浦市の各現場＞ ※ご希望に応じて配属現場を決定します ※…
169,株式会社comam | 今年4月に東京に拠点OPEN ／ 採用プロセスは原則WEB面接1回のみ,給与,月給24万円〜40万円 ※時間外手当は別途支給 ※上記はあくまでも最低補償額。勤務地によって異なります。…
170,株式会社comam | 今年4月に東京に拠点OPEN ／ 採用プロセスは原則WEB面接1回のみ,初年度年収,300万円～500万円
171,株式会社優誠 | 【大阪府緊急雇用対策に賛同】ノルマなし＆成約率は50％以上！,仕事内容,蓄電池や太陽光発電、オール電化といった省エネ商材をお客様に提案する仕事です ★ロープレや研修、先輩同行など丁寧に研修していきます！
172,株式会社優誠 | 【大阪府緊急雇用対策に賛同】ノルマなし＆成約率は50％以上！,対象となる方,【未経験／第二新卒／社会人デビュー歓迎】◎35歳以下（若年層の長期キャリア形成を図るため）◎学歴不問 ◎要普通免許（AT可）
173,株式会社優誠 | 【大阪府緊急雇用対策に賛同】ノルマなし＆成約率は50％以上！,勤務地,【選択可】福岡本社または東京支社での勤務となります（転勤なし） ◆福岡本社 福岡県福岡市中央区赤坂…
174,株式会社優誠 | 【大阪府緊急雇用対策に賛同】ノルマなし＆成約率は50％以上！,給与,月給／26万円以上　＋諸手当 ※年齢、経験、能力を考慮の上、優遇します。 ※待遇条件の詳細については…
175,DSP株式会社 | 入社半年で月収100万円以上の社員多数！★年間休日125日～130日,仕事内容,【専門知識は入社後に学べます！】住まいでお悩みのお客さまへ「住宅のリノベーション」を提案 ※先輩の8割超が完全未経験から一人前になりました！
176,DSP株式会社 | 入社半年で月収100万円以上の社員多数！★年間休日125日～130日,対象となる方,【第二新卒特別特集参画中】◆学歴・経験不問 ◆社員の平均年齢26歳 ※複数名の採用を予定。ガッツリ稼ぎたい方、オフも大事にしたい方にピッタリ！
177,DSP株式会社 | 入社半年で月収100万円以上の社員多数！★年間休日125日～130日,勤務地,【なんばからアクセス良好！最寄り駅から徒歩3分の好立地】 ★2019年7月にオフィスを移転・拡大し…
178,DSP株式会社 | 入社半年で月収100万円以上の社員多数！★年間休日125日～130日,給与,"月給23万5,000円〜35万円＋インセンティブ＋諸手当＋賞与 ※年齢・経験・スキルを考慮の上、当社規定に…"
179,DSP株式会社 | 入社半年で月収100万円以上の社員多数！★年間休日125日～130日,初年度年収,300万円～850万円
180,三福土建株式会社 | JRとの取引20年以上！経営安定＆業績好調/年収500万円以上も可！,仕事内容,【反響営業だから成果を出しやすい！】お問い合わせをいただいたお客さまにアニメやスポーツといったテレビ番組のご案内。※産休育休も完備(実績あり)
181,三福土建株式会社 | JRとの取引20年以上！経営安定＆業績好調/年収500万円以上も可！,対象となる方,【学歴不問！未経験・第二新卒歓迎！】35歳までの方 ◆<先輩たちの前職も様々！>フリーターやアパレル販売員・飲食店スタッフなど幅広い方が活躍中！
182,三福土建株式会社 | JRとの取引20年以上！経営安定＆業績好調/年収500万円以上も可！,勤務地,【WEB面接OK/希望勤務地考慮/転勤なし】 東京都港区の本社または全国の各拠点 ◎UIターン歓迎…
183,三福土建株式会社 | JRとの取引20年以上！経営安定＆業績好調/年収500万円以上も可！,給与,月給22万円〜51万円＋インセンティブ ※上記に固定残業38時間分(4万9千円〜)を含む。超過分は別途支給。 …
184,三福土建株式会社 | JRとの取引20年以上！経営安定＆業績好調/年収500万円以上も可！,初年度年収,400万円～1000万円
185,JCSロジスコ株式会社 | ◆電話・Web面接も可能／翌日振込・前払いもOK／日払い可！◆,仕事内容,《JR西日本の案件多数！線路に関する点検、修繕、保守業務》●資格は入社後の取得でOK ●研修充実＆チームで取り組むので未経験からしっかり成長！
186,JCSロジスコ株式会社 | ◆電話・Web面接も可能／翌日振込・前払いもOK／日払い可！◆,対象となる方,《経験・学歴不問！》●要普免（AT限可） ●未経験・中途入社が90％以上！ ●入社前に特別な知識やスキルは不要！ ●初転職、社会人デビュー歓迎！
187,JCSロジスコ株式会社 | ◆電話・Web面接も可能／翌日振込・前払いもOK／日払い可！◆,勤務地,【転勤なし！UIターン歓迎】 ◆本社／福井県福井市菅谷2-16-20 ※マイカー通勤OK
188,JCSロジスコ株式会社 | ◆電話・Web面接も可能／翌日振込・前払いもOK／日払い可！◆,給与,◆月給28万円〜30万円 ＜年収例＞ 年収550万円／40代／月収35万円+賞与 年収500万円／30代 ／月収30万円…
189,JCSロジスコ株式会社 | ◆電話・Web面接も可能／翌日振込・前払いもOK／日払い可！◆,初年度年収,400万円～450万円
190,株式会社エー・エス・エル | 《東証一部上場企業グループ》コロナ禍でも過去最高益レベル！,仕事内容,◆大手ネット通販の品物を、個人宅・企業へ配送します。★ご自身の理想のペースで稼げる環境です！ （※加盟金・違約金は不要です）
191,株式会社エー・エス・エル | 《東証一部上場企業グループ》コロナ禍でも過去最高益レベル！,対象となる方,【ドライバー経験不問・社会人経験不問・学歴不問！ ◆第二新卒・失業中の方・フリーターの方も大歓迎です】◎普通自動車免許をお持ちの方（AT可）
192,株式会社エー・エス・エル | 《東証一部上場企業グループ》コロナ禍でも過去最高益レベル！,勤務地,原則自由 ■東京都:新宿・中野・世田谷・文京などの23区全域・立川・昭島など ■神奈川県:横浜・川…
193,株式会社エー・エス・エル | 《東証一部上場企業グループ》コロナ禍でも過去最高益レベル！,給与,完全出来高制（1個あたり150〜250円 ※エリアによる／平均日当3万円） もしくは 固定制（日当1万5千〜2万…
194,株式会社エー・エス・エル | 《東証一部上場企業グループ》コロナ禍でも過去最高益レベル！,初年度年収,300万円～1000万円
195,株式会社ウィズユー | 設立6年の新鋭ベンチャー！地球にもお客様にもやさしいビジネス,仕事内容,《モダンJS/AWS/コンテナ/IaC等の最新トレンド案件多数！》◆スキルや志向に応じて開発系orインフラ系の案件で活躍！※自社内開発あり
196,株式会社ウィズユー | 設立6年の新鋭ベンチャー！地球にもお客様にもやさしいビジネス,対象となる方,《複数名採用予定！》◎学歴不問 ◎ITエンジニアとしての何らかの実務経験（システム・インフラ不問）★転職回数やブランク等も不問です！
197,株式会社ウィズユー | 設立6年の新鋭ベンチャー！地球にもお客様にもやさしいビジネス,勤務地,東京都、埼玉県、神奈川県、千葉県内のプロジェクト先 ※希望、お住まいを考慮の上、決定します。 ※転…
198,株式会社ウィズユー | 設立6年の新鋭ベンチャー！地球にもお客様にもやさしいビジネス,給与,月給30万円〜　＋　賞与年3回 ※入社時点で、前職時の給与額を保証します！ ※経験・スキルなどを考慮の…
199,株式会社ウィズユー | 設立6年の新鋭ベンチャー！地球にもお客様にもやさしいビジネス,初年度年収,400万円～800万円
200,株式会社ドミノ・ピザジャパン | 国内700店舗展開！”宅配ピザ”の枠を越えるグローバルブランド,仕事内容,《ノルマ・飛び込み・訪問販売は無し！！》提携企業に紹介されたお客様に、住宅設備を提案・販売します。☆環境にもお客様にもやさしいビジネス！
201,株式会社ドミノ・ピザジャパン | 国内700店舗展開！”宅配ピザ”の枠を越えるグローバルブランド,対象となる方,＜★32歳以下は書類選考免除★＞未経験・第二新卒歓迎！学歴不問！「転職で人生変えたい」そんな思いを抱く方をサポートします！★昇給・賞与年4回
202,株式会社ドミノ・ピザジャパン | 国内700店舗展開！”宅配ピザ”の枠を越えるグローバルブランド,勤務地,東京都豊島区東池袋1-32-6 河合ビル10F
203,株式会社ドミノ・ピザジャパン | 国内700店舗展開！”宅配ピザ”の枠を越えるグローバルブランド,給与,月給23万円〜＋インセンティブ＋賞与＋各種手当 ※経験、能力に応じて決定いたします。 ※将来的に、希…
204,株式会社ドミノ・ピザジャパン | 国内700店舗展開！”宅配ピザ”の枠を越えるグローバルブランド,初年度年収,350万円～650万円
205,株式会社一条工務店 | ★2020年卒マイナビ大学生就職企業人気ランキング建築住宅系1位,仕事内容,【最短3ヵ月で店長昇格可！】ドミノ・ピザの店舗運営に携わり、スピーディに店長へ！さらなる店舗拡大やピザでの地域貢献がミッションです！
206,株式会社一条工務店 | ★2020年卒マイナビ大学生就職企業人気ランキング建築住宅系1位,対象となる方,【飲食経験者／店舗運営経験者を優遇！】「スピーディにキャリアを歩みたい」「自分の力をもっと発揮したい」など、成長と目標達成に貪欲な方を歓迎！
207,株式会社一条工務店 | ★2020年卒マイナビ大学生就職企業人気ランキング建築住宅系1位,勤務地,★全国募集！ドミノ・ピザ各店舗★ ※U・Iターン歓迎 ※希望を考慮 ※マイカー通勤OK(駐車場あり…
208,株式会社一条工務店 | ★2020年卒マイナビ大学生就職企業人気ランキング建築住宅系1位,給与,【店長】月給30万円〜＋各種手当＋賞与年3回 【店長候補】月給26万円〜＋各種手当＋賞与年3回 ※どち…
209,株式会社一条工務店 | ★2020年卒マイナビ大学生就職企業人気ランキング建築住宅系1位,初年度年収,400万円～800万円
210,株式会社PGSホーム | 未経験でも月給40万円スタート！入社祝金は最大138万円支給！,仕事内容,【住宅展示場での完全反響営業・販売】ご来場いただいたお客様へ業界随一の性能・品質を誇る一条工務店の住宅をご案内。収入＆キャリアUPを狙えます！
211,株式会社PGSホーム | 未経験でも月給40万円スタート！入社祝金は最大138万円支給！,対象となる方,【営業経験者優遇】★研修充実！モチベーション高く積極的に取り組める方なら、未経験でも活躍できます！　★20～30代活躍中　◇高卒以上 ◇要普免
212,株式会社PGSホーム | 未経験でも月給40万円スタート！入社祝金は最大138万円支給！,勤務地,全国約450営業拠点にて、希望地考慮。Ｕ・Ｉターンも歓迎！ ▼積極採用エリア▼ 青森県青森市／青森…
213,株式会社PGSホーム | 未経験でも月給40万円スタート！入社祝金は最大138万円支給！,給与,月給21万7500円〜（営業手当一律2万4500円含む）＋インセンティブ ※試用期間3ヶ月、待遇同じ ※別途諸…
214,株式会社PGSホーム | 未経験でも月給40万円スタート！入社祝金は最大138万円支給！,初年度年収,450万円～800万円
215,株式会社NIPPO | 【東証一部上場企業】舗装業界を代表するリーディングカンパニー,仕事内容,【稼げる最短ルートを進みませんか？】◎自信をもって提案できる自社オリジナル塗料の住宅ペイント・太陽光発電システムの提案営業を担当します。
216,株式会社NIPPO | 【東証一部上場企業】舗装業界を代表するリーディングカンパニー,対象となる方,【この転職で“人生を変えたい”方は注目！】◎学歴・年齢・これまでの経験は一切不問！経験ゼロでも高収入を実現できる会社で活躍しませんか？
217,株式会社NIPPO | 【東証一部上場企業】舗装業界を代表するリーディングカンパニー,勤務地,※2月1日に名古屋支店が開設！ 《WEB面接可/希望考慮/転勤なし》 関東/東海/関西/中国/九州…
218,株式会社NIPPO | 【東証一部上場企業】舗装業界を代表するリーディングカンパニー,給与,月給25万円〜50万円＋高額歩合給(本数達成賞＋オーダー手当) ★月給40万円スタート(※)！さらに今だけ！…
219,株式会社NIPPO | 【東証一部上場企業】舗装業界を代表するリーディングカンパニー,初年度年収,400万円～1000万円
220,株式会社アイエスエフネット | 【大阪府緊急雇用対策に賛同】★インセンMAX60％★残業ほぼナシ,仕事内容,◆一般道から街のシンボルといわれる大きな建物の外構工事まで…幅広い進行管理をお任せ◆裁量大きくのびのび働けるため、あなたらしく活躍できます！
221,株式会社アイエスエフネット | 【大阪府緊急雇用対策に賛同】★インセンMAX60％★残業ほぼナシ,対象となる方,◆学歴不問・要普免 ◆安定企業で成長したい！慣れ親しんだ街で腰を据えて働きたい！という方、是非ご応募ください◆施工管理経験のある方は優遇
222,株式会社アイエスエフネット | 【大阪府緊急雇用対策に賛同】★インセンMAX60％★残業ほぼナシ,勤務地,【転居のともなう転勤なし&UIターン歓迎&マイカー通勤OK】 ◆さいたま出張所：埼玉県さいたま市西…
223,株式会社アイエスエフネット | 【大阪府緊急雇用対策に賛同】★インセンMAX60％★残業ほぼナシ,給与,【月給】 未経験者：20〜25万円 経験者：25〜50万円 ※経験・スキル・年齢を考慮の上、決定します。 ※…
224,株式会社アイエスエフネット | 【大阪府緊急雇用対策に賛同】★インセンMAX60％★残業ほぼナシ,初年度年収,400万円～700万円
225,株式会社エストゥルース | 【効率的な営業スタイル】飛び込み営業・ノルマは一切ありません,仕事内容,【ITインフラ・クラウド】ネットワーク設計・運用など希望・スキルに合ったお仕事　★タイプに合ったキャリアを選べる★マルチクラウドのスキルを手に
226,株式会社エストゥルース | 【効率的な営業スタイル】飛び込み営業・ノルマは一切ありません,対象となる方,【学歴不問】運用・ネットワーク・サーバ設計・構築いずれかの経験者★大型案件あり★第6回<ワーク・ライフ・バランス大賞>大賞受賞=家族も安心できる
227,株式会社エストゥルース | 【効率的な営業スタイル】飛び込み営業・ノルマは一切ありません,勤務地,【全国転勤なし/あり選択OK】 ★69％が毎年昇給 ★リモート案件多数 ★MAX60％のインセンテ…
228,株式会社エストゥルース | 【効率的な営業スタイル】飛び込み営業・ノルマは一切ありません,給与,【月給35万円~】＋インセンティブ賞与(月~20万/年~240万)・諸手当 ▼設計構築5年以上の経験者 【月給40…
229,株式会社エストゥルース | 【効率的な営業スタイル】飛び込み営業・ノルマは一切ありません,初年度年収,450万円～1000万円
230,中国化工建設株式会社 | 【東証一部上場「ショーボンドホールディングス」グループ】,仕事内容,【20代活躍中】◆お客様に投資用不動産(ワンルームマンション)を提案 ★1ヶ月の研修期間をはじめ、チームであなたを育てます！
231,中国化工建設株式会社 | 【東証一部上場「ショーボンドホールディングス」グループ】,対象となる方,【不動産の知識一切不要】◆アパレル販売やルート営業など、異業種から入社した先輩多数★未経験入社3ヶ月で月収100万円を記録した20代前半の社員も！
232,中国化工建設株式会社 | 【東証一部上場「ショーボンドホールディングス」グループ】,勤務地,★転勤なし ★東京（渋谷駅徒歩10分圏内）と仙台（立ち上げメンバー：2020年10月26日開設）で…
233,中国化工建設株式会社 | 【東証一部上場「ショーボンドホールディングス」グループ】,給与,【大卒以上】月給25万円以上＋諸手当＋インセンティブ（40万円〜100万円） 【上記以外】月給23万円以上＋…
234,中国化工建設株式会社 | 【東証一部上場「ショーボンドホールディングス」グループ】,初年度年収,400万円～2000万円
235,ソフトバンク営業職合同募集 | 【条件満たす方全員、電話面談確約】★大阪府緊急雇用対策に賛同,仕事内容,【100％公共案件】◆中国エリアの橋梁、道路、鉄道などの補修・補強工事を管理 ◆経年劣化があるため、これらのメンテナンス需要はなくなりません！
236,ソフトバンク営業職合同募集 | 【条件満たす方全員、電話面談確約】★大阪府緊急雇用対策に賛同,対象となる方,【若手が多数活躍中】◆高専卒以上 ◆要普通免許（AT限定可）◆未経験者…30歳以下の方（※）◆経験者…土木・建築施工管理の有資格者（年齢不問）
237,ソフトバンク営業職合同募集 | 【条件満たす方全員、電話面談確約】★大阪府緊急雇用対策に賛同,勤務地,【転勤なし／マイカー通勤可／勤務地は選択可】 岡山本社（岡山市北区）または広島事業所（広島市佐伯区…
238,ソフトバンク営業職合同募集 | 【条件満たす方全員、電話面談確約】★大阪府緊急雇用対策に賛同,給与,"月給：21万4,000円以上＋諸手当 ※年齢、経験、能力を考慮の上、優遇いたします ※試用期間6ヶ月（待遇…"
